<?xml version="1.0" encoding="UTF-8"?>
<project-private xmlns="http://www.netbeans.org/ns/project-private/1">
    <editor-bookmarks xmlns="http://www.netbeans.org/ns/editor-bookmarks/2" lastBookmarkId="0"/>
    <open-files xmlns="http://www.netbeans.org/ns/projectui-open-files/2">
        <group>
            <file>file:/C:/Users/Doğa/Documents/NetBeansProjects/HW10_141044039_Doğa_UYSAL/src/hw10_141044039_doğa_uysal/Operand.java</file>
            <file>file:/C:/Users/Doğa/Documents/NetBeansProjects/HW10_141044039_Doğa_UYSAL/src/hw10_141044039_doğa_uysal/Operator.java</file>
            <file>file:/C:/Users/Doğa/Documents/NetBeansProjects/HW10_141044039_Doğa_UYSAL/src/hw10_141044039_doğa_uysal/arithmeticexpressions.java</file>
            <file>file:/C:/Users/Doğa/Documents/NetBeansProjects/HW10_141044039_Doğa_UYSAL/src/hw10_141044039_doğa_uysal/Expressions.java</file>
            <file>file:/C:/Users/Doğa/Documents/NetBeansProjects/HW10_141044039_Doğa_UYSAL/src/hw10_141044039_doğa_uysal/Paranthesis.java</file>
        </group>
    </open-files>
</project-private>
